{"cameraMode":{"drawMode":0,"name":"Shaded","section":"Shading Mode"},"sceneLighting":true,"audioPlay":false,"sceneViewState":{"showFog":true,"showMaterialUpdate":false,"showSkybox":true,"showFlares":true,"showImageEffects":true,"showParticleSystems":true},"in2DMode":false,"pivot":{"x":233.96453857421876,"y":571.9962768554688,"z":84.01602172851563},"rotation":{"x":-0.0034927816595882179,"y":0.9588271975517273,"z":-0.011803335510194302,"w":-0.2837252914905548},"size":270.40228271484377,"orthographic":false}