{"cameraMode":{"drawMode":0,"name":"Shaded","section":"Shading Mode"},"sceneLighting":false,"audioPlay":false,"sceneViewState":{"showFog":true,"showMaterialUpdate":false,"showSkybox":false,"showFlares":true,"showImageEffects":true,"showParticleSystems":true},"in2DMode":false,"pivot":{"x":7.9061431884765629,"y":1.0634255409240723,"z":-3.2381811141967775},"rotation":{"x":-0.011183049529790879,"y":0.9211857318878174,"z":-0.0265464186668396,"w":-0.38805896043777468},"size":4.942676067352295,"orthographic":false}